id,firstName,middleName,lastName,gender,birthDate,ssn,salary
1,Fanchon,Georgeta,Wylma,Female,5/20/2020,537-80-6230,81273.63
2,Sandor,Bordie,Humbert,Male,3/12/2020,640-38-2361,11516.93
3,Quillan,Ara,Hillery,Male,2/3/2020,647-45-5964,37622.42
4,Tallie,Artemis,Urbain,Male,2/13/2020,714-11-1463,63124.83
5,Katharine,Elicia,Muire,Female,2/28/2020,869-39-9071,44189.54
6,Lavinie,Daffie,Xylia,Female,9/9/2020,280-89-8466,48111.47
7,Efrem,Emlen,Beau,Male,4/12/2020,533-59-2497,94346.03
8,Emmaline,Audy,Dorothee,Female,7/14/2020,356-96-4442,73595.17
9,King,Gaston,Jaimie,Male,1/27/2020,239-18-8955,5656.61
10,Roze,Crista,Sharleen,Female,12/14/2019,646-34-5885,39665.51
11,Agustin,Ferrell,Chaunce,Male,6/18/2020,172-53-1153,45295.43
12,Clerissa,Wilie,Leone,Female,9/15/2020,750-94-5487,33928.07
13,Tobie,Sullivan,Gasper,Male,3/27/2020,516-17-7750,93825.79
14,Tommy,Ervin,Nikki,Male,7/8/2020,245-82-0539,82578.55
15,Sampson,Jorge,Chic,Male,8/15/2020,185-58-9259,31507.68
16,Mallissa,La verne,Eleanora,Female,9/3/2020,413-15-7812,61681.69
17,Rhys,Arney,Gustavo,Male,3/14/2020,744-93-3629,9586.85
18,Delbert,Felicio,Chico,Male,8/26/2020,425-19-5864,49640.02
19,Ernaline,Drusie,Annetta,Female,7/4/2020,245-80-3821,86634.45
20,Alexio,Walther,Eddy,Male,9/15/2020,799-78-3232,14988.16
21,Adi,Maire,Jamie,Female,11/30/2020,665-07-5715,10095.53
22,Davis,Freddy,Eldin,Male,2/10/2020,204-59-8995,85454.98
23,Barbe,Beulah,Hedvige,Female,10/7/2020,418-75-8159,12349.95
24,Donnell,Reider,Garald,Male,3/20/2020,345-17-1956,98586.31
25,Stevie,Nilson,Beau,Male,10/31/2020,542-80-9201,63778.47
26,Gaultiero,Jaye,Lawry,Male,4/16/2020,500-57-9906,42195.22
27,Warren,Ansell,Ermanno,Male,9/24/2020,619-68-3259,50440.17
28,Moina,Tobi,Charisse,Female,2/14/2020,468-14-9559,15393.27
29,Nikoletta,Aurel,Bab,Female,7/15/2020,546-59-2246,23358.73
30,Derrek,Wade,Christian,Male,11/21/2020,375-39-1764,18475.48
31,Eadie,Fiann,Ilise,Female,5/20/2020,588-54-4511,87271.29
32,Puff,Sterling,Harland,Male,3/24/2020,871-11-3162,43917.42
33,Tommy,Kathye,Dorry,Female,1/28/2020,500-19-8868,40906.43
34,Bamby,Jorrie,Petra,Female,5/6/2020,316-21-1222,72921.93
35,Mathilde,Reina,Shelba,Female,4/5/2020,787-91-3847,68242.41
36,Clark,Luther,Siward,Male,5/2/2020,698-11-4894,81863.81
37,Conrado,Erl,Vladimir,Male,3/2/2020,563-39-1692,70329.00
38,Ettore,Oby,Warden,Male,9/8/2020,252-06-6594,25710.59
39,Ferdie,Selig,Augie,Male,4/13/2020,315-55-3892,88980.55
40,Kirk,Mickey,Benjamen,Male,6/20/2020,579-22-0863,18230.28
41,Casie,Mireille,Marlena,Female,1/13/2020,397-71-6671,485.35
42,Ruperto,Wolfie,Paco,Male,7/18/2020,871-27-0685,73829.62
43,Clarke,Riley,Donny,Male,6/27/2020,792-31-2931,79133.36
44,Yale,Zachariah,Conn,Male,9/26/2020,219-52-0606,62115.18
45,Martyn,Wald,Archer,Male,1/2/2020,784-32-7399,58995.57
46,Davon,Roth,Tobin,Male,10/6/2020,233-55-4774,73604.48
47,Lexis,Noellyn,Frankie,Female,12/10/2020,154-72-4773,51637.06
48,Wandis,Karee,Georgianne,Female,8/17/2020,483-43-6811,44279.28
49,Harlan,Cy,Hyman,Male,8/5/2020,243-65-1419,50592.28
50,Mufinella,Kettie,Nicole,Female,12/31/2019,895-80-1728,413.47
51,Goldina,Bunni,Cristal,Female,8/8/2020,301-06-8403,19560.81
52,Bertina,Mamie,Isabelle,Female,2/12/2020,734-47-7881,52712.95
53,Skyler,Carce,Cordie,Male,11/14/2020,216-76-2989,31640.47
54,Frank,Jesus,Reinhold,Male,9/25/2020,788-56-5954,9923.50
55,Ettie,Madelaine,Christabel,Female,3/31/2020,176-69-1199,195.99
56,Chrystal,Ferne,Linell,Female,7/18/2020,875-32-0888,15018.80
57,Josie,Mirna,Chelsae,Female,9/18/2020,258-93-0816,29996.88
58,Gustav,Ulick,Renaud,Male,12/25/2019,255-89-6255,9254.40
59,Winifred,Meade,Josephine,Female,10/16/2020,523-56-0029,35083.21
60,Julianne,Celinka,Clarita,Female,4/6/2020,831-14-9854,79505.56
61,Jean,Garv,Zelig,Male,12/1/2020,134-16-0901,92996.35
62,Zelma,Dyna,Mariel,Female,11/29/2020,146-61-5338,81035.90
63,Lanny,Saunder,Thorin,Male,1/28/2020,445-42-8638,95057.38
64,Sondra,Ag,Jorry,Female,5/16/2020,273-42-7397,9073.08
65,Devin,Babbette,Florinda,Female,10/13/2020,573-19-3391,9237.21
66,Deane,Stavros,Aaron,Male,9/2/2020,399-83-0760,26178.51
67,Cornell,Hank,Martie,Male,3/16/2020,197-67-6130,504.88
68,Tiffanie,Lea,Margarethe,Female,1/18/2020,494-15-2462,29368.58
69,Joe,Dolph,Grady,Male,1/24/2020,850-35-5174,69746.90
70,Janos,Whit,Bevan,Male,3/16/2020,315-39-3354,95.10
71,Damon,Gradey,Erin,Male,3/19/2020,206-59-4419,78211.16
72,Matelda,Marna,Gwennie,Female,7/15/2020,745-08-2628,40050.85
73,Fanya,Jessalin,Elset,Female,5/16/2020,384-77-6420,60336.65
74,Ebony,Ivonne,Fan,Female,6/28/2020,750-99-6764,86582.15
75,Conrade,Pattie,Bradan,Male,10/5/2020,132-95-1816,70278.80
76,Barbee,Barbaraanne,Caryl,Female,3/10/2020,554-72-4117,52071.52
77,Heidi,Reine,Bernardine,Female,12/9/2020,387-66-2194,93309.49
78,Gwenneth,Paige,Cynthea,Female,8/11/2020,110-38-1490,7884.54
79,Marjie,Rana,Vivien,Female,5/21/2020,116-75-7820,28764.86
80,Ali,Norman,Joaquin,Male,11/27/2020,404-15-3881,47939.44
81,Vanna,Elianore,Ulrikaumeko,Female,9/30/2020,681-35-4358,91151.08
82,Jock,Arie,Herbert,Male,1/7/2020,219-82-1860,44868.01
83,Tildy,Ros,Harli,Female,12/28/2019,518-25-0239,36503.95
84,Bryce,Flynn,Page,Male,11/3/2020,188-53-0576,32074.36
85,Jamima,Dasha,Rosanne,Female,6/14/2020,329-53-9510,31357.74
86,Kalil,Eli,Christian,Male,12/10/2020,150-51-6194,18928.76
87,Laraine,Sydel,Marlene,Female,9/16/2020,512-74-7092,52500.95
88,Alena,Devonna,Alida,Female,10/8/2020,457-21-2065,64083.77
89,Lottie,Kerstin,Regine,Female,2/26/2020,682-38-2692,61721.92
90,Joe,Aleksandr,Goober,Male,3/4/2020,236-59-8313,92835.04
91,Allissa,Poppy,Josefina,Female,11/19/2020,751-69-2827,54910.43
92,Kristen,Adara,Nisse,Female,10/8/2020,515-22-1391,27366.57
93,Gwynne,Effie,Chrysa,Female,5/3/2020,391-15-6487,57010.35
94,Gleda,Isis,Saidee,Female,2/29/2020,131-03-9328,84425.81
95,Alic,Hyman,Dugald,Male,11/20/2020,805-69-6054,53007.54
96,Vikki,Annabel,Dari,Female,4/20/2020,148-47-9393,51502.79
97,Merry,Emelia,Meggy,Female,10/18/2020,861-90-7978,81408.69
98,Chevy,Brocky,Layton,Male,2/22/2020,206-50-7329,90719.29
99,Saleem,Rick,Augusto,Male,12/1/2020,115-46-6896,81790.88
100,Rosalia,Margo,Veda,Female,5/29/2020,754-22-0302,77519.78
101,Norry,Cointon,Nevin,Male,1/7/2020,893-14-8108,62926.30
102,Hillery,Winnie,Skippy,Male,5/4/2020,459-31-2236,58203.41
103,Tamarra,Colline,Althea,Female,4/10/2020,837-03-2145,19803.18
104,Giorgio,Rolf,Mattheus,Male,9/16/2020,492-14-4235,10431.08
105,Cortie,Matthiew,Edd,Male,12/24/2019,100-40-1782,74143.44
106,Lewiss,Ced,Alexandre,Male,10/14/2020,420-18-2320,16779.33
107,Trista,Kerianne,Codee,Female,2/4/2020,405-17-5532,5942.35
108,Erwin,Fredrick,Hallsy,Male,9/2/2020,566-17-6312,56313.13
109,Hally,Ilyse,Tonia,Female,11/1/2020,526-99-2817,79674.46
110,Broddy,Cliff,Vassily,Male,12/13/2019,364-81-9748,26892.42
111,Vinnie,Lindsy,Mella,Female,5/29/2020,888-41-3622,46972.72
112,Engelbert,Jarret,Noby,Male,6/29/2020,388-31-9710,68706.24
113,Arvin,Bern,Neil,Male,5/2/2020,441-87-2436,85990.01
114,Blondie,Denni,Cherlyn,Female,3/15/2020,471-40-9414,59511.60
115,Angelita,Augusta,Elga,Female,5/20/2020,708-14-3451,73426.27
116,Winfred,Onfroi,Benedict,Male,10/21/2020,232-93-5326,85857.99
117,Wiatt,Thedrick,Rowen,Male,4/24/2020,734-46-0336,95292.40
118,Maureen,Emmi,Vernice,Female,7/24/2020,166-71-7526,24707.91
119,Cele,Stormie,Doralin,Female,10/2/2020,130-82-8239,1850.16
120,Erminie,Fredericka,Yasmin,Female,4/9/2020,626-44-9097,36230.40
121,Christophe,Bronny,Stanley,Male,3/12/2020,731-69-1079,37995.72
122,Westley,Ben,Stu,Male,4/10/2020,313-12-0523,56512.74
123,Horton,Jackson,Jesus,Male,12/27/2019,279-68-6381,22214.07
124,Erwin,Hendrik,Pate,Male,6/13/2020,274-52-8317,49919.10
125,Roshelle,Ninon,Analise,Female,1/30/2020,404-80-5985,46936.63
126,Rinaldo,Roi,Xever,Male,4/2/2020,444-33-7151,8699.53
127,Cordy,Olivier,Yardley,Male,6/29/2020,408-69-2499,90759.42
128,Sheba,Arlene,Harriott,Female,3/9/2020,532-84-5443,20109.00
129,Mari,Anne-corinne,Happy,Female,5/3/2020,558-78-5775,40306.27
130,Shea,Gareth,Todd,Male,2/27/2020,170-88-2287,36269.55
131,Sibylla,Lora,Laverne,Female,1/16/2020,436-44-1325,14937.45
132,Hallsy,Massimiliano,Stefano,Male,3/10/2020,605-58-3023,50087.07
133,Jessamyn,Ashlie,Vitoria,Female,12/7/2020,720-94-5366,45905.30
134,Cleavland,Claiborne,Stanislaus,Male,12/11/2020,283-24-1189,21643.03
135,Dayle,Robbie,Davine,Female,11/29/2020,629-14-7722,33263.15
136,Anne,Kellsie,Nicoli,Female,8/6/2020,342-07-0785,10876.15
137,Israel,Goran,Isaac,Male,11/6/2020,152-17-8946,4915.81
138,Rutter,Shepard,Clevey,Male,8/26/2020,747-96-6901,22779.30
139,Roselin,Matilde,Hortense,Female,4/2/2020,412-44-0341,40376.60
140,Reece,Gran,Neall,Male,5/15/2020,855-04-3724,22277.64
141,Zacherie,Ferris,Inness,Male,3/12/2020,340-41-2549,67727.12
142,Kimbell,Rollins,Stearn,Male,6/15/2020,453-09-0708,35495.23
143,Robenia,Odele,Tedi,Female,3/3/2020,334-53-9642,58955.33
144,Waly,Nelli,Deni,Female,3/16/2020,595-85-3721,86780.49
145,Florina,Louisa,Magdaia,Female,2/10/2020,653-35-3398,95826.26
146,Sayers,Olly,Arty,Male,12/31/2019,587-61-4475,64230.74
147,Tilly,Gayle,Vin,Female,7/8/2020,227-04-6601,26008.56
148,Heida,Mada,Letizia,Female,5/15/2020,241-07-4456,36205.64
149,Nikkie,Katie,Dayle,Female,10/23/2020,836-58-6205,49900.57
150,Jammie,Moselle,Jandy,Female,12/24/2019,279-44-4635,45918.75
151,Jared,Dilan,Doyle,Male,1/6/2020,222-95-8092,93273.17
152,Brenna,Margarete,Karlotta,Female,7/24/2020,330-38-9796,70735.22
153,Marci,Jorrie,Alex,Female,8/20/2020,294-57-2726,7867.46
154,Chet,Shay,Sidnee,Male,11/16/2020,353-89-9038,4729.44
155,Haroun,Renato,Saxon,Male,10/8/2020,716-70-3926,85607.53
156,Perl,Vannie,Brigitte,Female,12/20/2019,674-65-2822,66097.36
157,Marjory,Rosalynd,Arluene,Female,5/3/2020,752-03-7086,35195.93
158,Lewiss,Chester,Sean,Male,8/2/2020,721-42-5533,66865.57
159,Stacy,Even,Stinky,Male,3/3/2020,732-57-4826,34310.97
160,Lyda,Tedra,Arabella,Female,11/21/2020,828-57-3300,79421.06
161,Bathsheba,Corine,Celle,Female,10/18/2020,446-27-2424,875.98
162,Marcelline,Sunny,Carilyn,Female,9/24/2020,316-53-0234,33466.60
163,Pacorro,Yankee,Wake,Male,1/25/2020,508-60-6788,37504.13
164,Kipper,Nicko,Hercules,Male,6/15/2020,393-55-4766,62360.68
165,Marianne,Lorrin,Birgit,Female,5/5/2020,182-66-1473,94512.41
166,Dario,Gamaliel,Rickard,Male,11/2/2020,695-60-1581,62050.53
167,Jodie,Nicolais,Byrann,Male,11/15/2020,134-86-4614,76718.58
168,Kalvin,Ruperto,Rad,Male,8/27/2020,152-07-4626,90704.85
169,Jena,Viva,Ebony,Female,11/5/2020,639-30-6092,49147.26
170,Agretha,Tiphanie,Truda,Female,5/15/2020,540-86-8149,7932.38
171,Chic,Shane,Smith,Male,7/3/2020,610-53-4403,46241.90
172,Bronnie,Wallis,Pete,Male,2/2/2020,478-53-2603,51094.87
173,Tobin,Parrnell,Vasilis,Male,12/28/2019,219-93-4056,5464.23
174,Byran,Hilarius,Meredeth,Male,12/20/2019,290-31-7931,95287.00
175,Nikola,Ode,Peadar,Male,12/13/2019,334-04-9470,93857.51
176,Jdavie,Purcell,Siffre,Male,3/23/2020,832-51-1831,54786.28
177,Shena,Violetta,Amalia,Female,11/4/2020,895-17-2539,70669.30
178,Pavla,Idalia,Tarra,Female,10/7/2020,815-80-6923,25746.24
179,Putnem,Anson,Ashlin,Male,3/10/2020,218-25-6566,22338.47
180,Gibby,Bondie,Casper,Male,4/27/2020,495-08-7568,24469.50
181,Raimundo,Walther,Dolf,Male,12/10/2020,228-38-4272,15061.15
182,Clevey,Bartolemo,Mandel,Male,10/12/2020,478-42-9470,27542.14
183,Maggie,Raine,Ebba,Female,3/15/2020,582-44-3831,17806.41
184,Jemmy,Jerry,Fawnia,Female,4/25/2020,772-61-9441,40543.68
185,Bearnard,Tymon,Christoper,Male,6/2/2020,383-27-7866,69554.38
186,Rori,Claude,Dorian,Female,10/16/2020,891-92-1215,1982.12
187,Christoforo,Corbet,Carny,Male,11/2/2020,795-25-0410,30828.73
188,Thorndike,Trstram,Quinton,Male,7/13/2020,430-26-5416,499.95
189,Blayne,Chester,Brantley,Male,3/28/2020,486-47-3513,412.84
190,Martyn,Jean,Benedetto,Male,1/5/2020,619-92-1677,13368.70
191,Erina,Ginny,Verena,Female,2/19/2020,651-58-3741,43190.65
192,Pia,Kelila,Annice,Female,11/20/2020,154-88-9897,64450.67
193,Stavros,Tom,Bastian,Male,2/2/2020,751-48-8451,66663.12
194,Jillana,Brigid,Shari,Female,4/16/2020,663-92-9838,33174.18
195,Torr,Cully,Malchy,Male,6/26/2020,185-21-7047,60808.03
196,Emeline,Minne,Theda,Female,5/21/2020,679-09-1956,48313.21
197,Keith,Kingston,Hugo,Male,8/29/2020,294-39-1487,42389.03
198,Corri,Julia,Kirstin,Female,10/12/2020,227-54-5275,52571.93
199,Elvera,Vina,Cherilyn,Female,9/11/2020,751-12-9248,61010.39
200,Windham,Dru,Francklin,Male,11/18/2020,247-35-7315,31729.62
201,Price,Halsy,Kendricks,Male,4/24/2020,564-19-3788,42977.63
202,Ralph,Stefano,Ruperto,Male,3/3/2020,700-10-0841,49102.37
203,Corissa,Kimmie,Katrine,Female,7/4/2020,717-27-6691,99839.05
204,Viv,Candie,Cheri,Female,11/30/2020,257-62-8433,15478.98
205,Gardy,Maurie,Kipper,Male,1/3/2020,685-36-1147,11354.41
206,Mel,Andrej,Joseph,Male,5/6/2020,611-42-2669,70961.22
207,Adelbert,Terri,Barton,Male,5/9/2020,637-35-3518,20632.70
208,Ruddie,Kale,Hartwell,Male,4/18/2020,187-34-5983,14185.44
209,Ogden,Kermit,Normy,Male,3/8/2020,423-85-1353,74127.96
210,Florance,Hetti,Elenore,Female,8/11/2020,653-10-3868,88427.40
211,Kinny,Mill,Abel,Male,10/23/2020,257-89-8701,9282.81
212,Fabiano,Ado,Willey,Male,7/23/2020,183-56-4267,16509.56
213,Aaren,Anastasie,Clemmie,Female,9/14/2020,350-94-6065,87279.15
214,Jessika,Dorothee,Daphene,Female,3/13/2020,735-35-3770,32326.11
215,Roderigo,Bartel,Saunder,Male,3/2/2020,686-81-4673,32943.00
216,Maryjo,Clio,Davine,Female,10/22/2020,676-25-0315,42666.94
217,Lenard,Hersch,Kingsly,Male,11/11/2020,791-39-5916,58326.69
218,Ban,Claire,Lennard,Male,2/7/2020,253-51-4305,1497.28
219,Rossie,Nickolaus,Cosmo,Male,5/22/2020,631-82-6357,67538.85
220,Jed,Lee,Marc,Male,4/21/2020,811-63-2627,4661.02
221,Selie,Shea,Marita,Female,2/9/2020,656-61-3596,65306.66
222,Kaela,Felice,Lacey,Female,4/25/2020,713-69-8336,81037.91
223,Lanita,Lexis,Petra,Female,11/30/2020,555-32-0470,21432.43
224,Kass,Tatiania,Constance,Female,8/21/2020,709-29-5816,77463.83
225,Josepha,Dierdre,Karleen,Female,10/8/2020,790-85-6054,41573.48
226,Mathe,Shalom,Erl,Male,11/1/2020,111-36-9399,74599.51
227,Ursula,Blancha,Marsiella,Female,4/19/2020,811-85-6978,27408.09
228,Anetta,Kirstyn,Cathy,Female,1/26/2020,530-88-2718,58237.91
229,Munmro,Kurtis,Trevar,Male,7/14/2020,475-30-4943,48936.36
230,Wylma,Philomena,Cicily,Female,10/3/2020,876-91-9022,44894.58
231,Carmelita,Rivalee,Dusty,Female,6/7/2020,257-22-4708,56041.59
232,Ivor,Pietrek,Eamon,Male,6/17/2020,159-04-2486,32421.71
233,Debbie,Teddie,Roda,Female,7/15/2020,878-98-1712,27436.57
234,Brewster,Nevil,Curran,Male,10/7/2020,479-97-9834,34581.32
235,Vassily,Hamel,Glendon,Male,8/14/2020,220-36-8571,8299.24
236,Darcee,Elizabeth,Clo,Female,11/24/2020,713-27-3199,77986.48
237,Lesli,Yovonnda,Devinne,Female,7/30/2020,563-66-2301,52791.07
238,Kennie,Georgi,Faulkner,Male,9/29/2020,223-61-2472,49568.29
239,Terrie,Sherry,Shana,Female,5/2/2020,859-49-6243,53050.18
240,Huey,Portie,Findley,Male,1/10/2020,633-09-2926,35661.91
241,Aymer,Corby,Herman,Male,7/7/2020,402-20-6183,50254.56
242,Mellie,Charyl,Eran,Female,10/12/2020,629-05-0680,97326.50
243,Urbain,Dex,Fair,Male,7/25/2020,364-86-2494,9793.63
244,Leighton,Phil,Antonino,Male,12/25/2019,457-33-2019,58841.19
245,Etienne,Felicio,Stanislas,Male,6/21/2020,649-43-4700,51898.76
246,Orelie,Arly,Rhea,Female,6/14/2020,604-14-4104,31387.53
247,Jerald,D'arcy,Newton,Male,1/28/2020,483-50-1590,53771.04
248,Con,Jesselyn,Trudy,Female,2/9/2020,354-25-3688,73134.72
249,Hamnet,Amerigo,Finley,Male,2/14/2020,159-68-0890,77717.41
250,Helyn,Millisent,Dulciana,Female,7/10/2020,619-02-7821,77610.44
251,Hilliard,Beniamino,Victor,Male,9/1/2020,736-19-5107,38854.23
252,Stanford,Don,Pen,Male,6/20/2020,866-84-1668,14297.38
253,Amby,Roth,Lek,Male,7/24/2020,590-19-8199,3734.99
254,Brittan,Zita,Gwendolyn,Female,7/14/2020,265-72-2071,66580.85
255,Briney,Flo,Merola,Female,3/12/2020,347-84-2117,59278.28
256,Alphard,Ken,Wolfgang,Male,9/9/2020,870-24-2618,88016.51
257,Maxim,Mile,Lek,Male,2/18/2020,138-31-6082,29575.94
258,Agneta,Belva,Ceil,Female,1/6/2020,506-64-0802,52938.40
259,Kinna,Malinda,Florry,Female,12/6/2020,472-39-8383,79611.00
260,Tobiah,Nahum,Sebastien,Male,2/24/2020,840-12-6278,4603.95
261,Celina,Rivy,Vally,Female,3/29/2020,116-47-1933,55977.40
262,Davide,Garek,Sheppard,Male,9/3/2020,612-32-4001,55675.28
263,Torrin,Rodrick,Maurizio,Male,3/13/2020,274-10-1305,16927.89
264,Stanford,Klemens,Langsdon,Male,1/23/2020,305-56-9516,5681.13
265,Bradney,Kristo,Artur,Male,4/16/2020,668-14-8915,44801.99
266,Timotheus,Garv,Levey,Male,7/16/2020,716-58-0512,12398.22
267,Drusy,Nita,Bonnibelle,Female,11/26/2020,712-90-6801,35285.47
268,Beryl,Yolanthe,Peria,Female,1/12/2020,410-44-5301,287.65
269,Kate,Raquel,Jillayne,Female,11/14/2020,516-89-3936,75738.84
270,Claudelle,Christabel,Leora,Female,8/12/2020,278-52-8708,52354.13
271,Robbie,Pauli,Nike,Female,8/29/2020,628-59-3720,36661.28
272,Cleve,Garey,Osborne,Male,10/16/2020,717-90-6447,15348.91
273,Allie,Noland,Leif,Male,4/21/2020,439-86-1505,1046.85
274,Henderson,Tan,Chevalier,Male,8/19/2020,444-08-8152,8223.57
275,Mendy,Stanislaw,Payton,Male,10/22/2020,790-06-3001,45634.36
276,Brandie,Billie,Janaya,Female,9/13/2020,375-62-2418,4551.98
277,Wenda,Olenka,Shelia,Female,8/10/2020,401-56-9937,83463.29
278,Parnell,Orazio,Noak,Male,5/5/2020,152-05-6158,73215.77
279,Hendrick,Lionel,Granville,Male,4/30/2020,388-82-4531,69689.22
280,Germaine,Alex,Delbert,Male,3/19/2020,619-96-8319,69502.58
281,Jackie,Jo,Brannon,Male,8/15/2020,691-76-6964,56793.89
282,Steffane,Shaylah,Cinderella,Female,9/17/2020,364-99-3209,39478.20
283,Dayle,Karyl,Laurice,Female,5/10/2020,256-72-8322,29760.11
284,Carmine,Geoff,Hartley,Male,6/19/2020,763-88-0582,60477.23
285,Adrea,Lorelle,Louise,Female,6/10/2020,642-23-8781,53567.18
286,Raina,Joycelin,Nari,Female,5/23/2020,204-08-5813,51654.55
287,Even,Onfroi,Kienan,Male,3/28/2020,313-40-1180,55542.51
288,Niles,Aguie,Elvis,Male,10/19/2020,229-86-0732,19794.45
289,Krishna,Ximenes,Jecho,Male,7/30/2020,286-27-8321,3404.30
290,Eamon,Berton,Taber,Male,6/1/2020,860-79-1281,7743.33
291,Mirelle,Thelma,Portia,Female,3/3/2020,473-61-1934,61899.17
292,Dieter,Marlow,Osbert,Male,12/13/2019,434-16-8454,78393.43
293,Bevon,Rene,Myer,Male,8/17/2020,145-32-4814,26532.23
294,Anni,Jonie,Betti,Female,8/2/2020,552-67-3417,48099.16
295,Torey,Jesselyn,Viva,Female,12/27/2019,394-53-6349,8989.52
296,Judith,Dale,Celka,Female,6/1/2020,715-45-5543,87911.69
297,Morton,Finn,Aloin,Male,10/6/2020,612-25-0667,6768.95
298,Brent,Phillipe,Alexandre,Male,11/19/2020,747-79-5466,62209.59
299,Reinwald,Jake,Monro,Male,5/4/2020,625-64-6472,20285.42
300,Hester,Nat,Roselle,Female,2/5/2020,315-57-2573,6921.80
301,Dorry,Veradis,Coleen,Female,3/30/2020,749-67-2509,46253.11
302,Nesta,Bernadene,Midge,Female,7/23/2020,788-64-7818,32537.92
303,Gena,Jessika,Carena,Female,1/1/2020,727-25-8015,29673.60
304,Liam,Darn,Abdel,Male,7/5/2020,786-46-3456,64708.45
305,Frannie,Janenna,Wandis,Female,7/28/2020,872-85-9746,98162.34
306,Dacy,Sigrid,Quinn,Female,5/18/2020,864-49-7538,91741.69
307,Mina,Rori,Geri,Female,8/23/2020,617-08-0150,48417.09
308,Faber,Bat,Samson,Male,11/21/2020,823-06-8559,16805.23
309,Paulie,Washington,Gerardo,Male,6/7/2020,584-70-7902,66707.75
310,Elspeth,Nicholle,Stepha,Female,9/30/2020,242-79-8280,68112.49
311,Nikita,Spense,Benji,Male,7/25/2020,343-73-9376,28628.91
312,Jerry,Kipper,Yancey,Male,4/2/2020,814-79-9566,51326.92
313,Andros,My,Sol,Male,6/23/2020,632-30-6620,24809.39
314,Cesaro,Meier,Franciskus,Male,7/12/2020,460-03-9367,88188.58
315,Zorana,Lorilee,Michaelina,Female,6/6/2020,135-77-0003,87525.36
316,Cally,Shannon,Robbie,Female,6/28/2020,231-40-2449,79558.25
317,Ram,Aldrich,Torrence,Male,4/12/2020,495-32-3538,61739.81
318,Phillip,Germaine,Kennie,Male,8/28/2020,718-79-4993,14202.25
319,Hali,Georgette,Mirabella,Female,1/2/2020,890-04-6446,92005.51
320,Melisande,Kimberlyn,Hermina,Female,5/19/2020,781-42-1674,32158.95
321,Ed,Osborne,Phillipe,Male,8/29/2020,632-52-3186,88382.41
322,Kissiah,Augustina,Amalia,Female,8/29/2020,210-56-3152,99376.79
323,Stephannie,Babb,Queenie,Female,7/30/2020,579-66-0646,21816.52
324,Ilka,Denny,Batsheva,Female,7/31/2020,819-78-7630,71584.72
325,Ivan,Link,Isacco,Male,8/3/2020,373-98-6083,37540.30
326,Skipton,Grace,Sven,Male,3/28/2020,699-73-5302,6563.62
327,Emilio,Lazarus,Corty,Male,3/12/2020,845-77-6450,10901.71
328,Ellene,Lottie,Cam,Female,7/16/2020,884-95-5228,27852.59
329,Prisca,Faustina,Evie,Female,10/27/2020,179-16-2878,38333.95
330,Nappie,Edsel,Simeon,Male,1/11/2020,136-65-7497,18918.68
331,Dolley,Bernita,Madelene,Female,1/11/2020,382-65-7041,93510.95
332,Bambi,Abbie,Martina,Female,1/30/2020,334-50-7576,83747.38
333,Randell,Gan,Alexandros,Male,9/13/2020,774-34-8535,13709.44
334,Padriac,Salvador,Barthel,Male,8/24/2020,575-57-1480,5981.55
335,Lanette,Rosie,Neille,Female,12/6/2020,743-13-4241,14479.96
336,Bronnie,Erastus,Mort,Male,8/13/2020,823-98-7644,73454.22
337,Manuel,Kipp,Hillel,Male,10/9/2020,675-35-7327,9633.34
338,Karil,Rosmunda,Reggie,Female,1/31/2020,359-16-2161,31810.68
339,Ana,Terrijo,Donetta,Female,7/19/2020,148-78-5992,68193.99
340,Amalle,Gae,Kacey,Female,11/16/2020,856-17-9273,71604.95
341,Gris,Aylmer,Felizio,Male,5/31/2020,661-82-1130,24466.79
342,Seward,Teddie,Germaine,Male,8/2/2020,521-17-1180,73385.19
343,Garfield,Arne,Vince,Male,10/20/2020,145-11-9963,76260.73
344,Natty,Dionisio,Irvine,Male,4/2/2020,811-99-0892,29499.46
345,Leslie,Geoffrey,Biron,Male,10/3/2020,691-69-0685,89721.67
346,Dewitt,Siegfried,Barron,Male,11/21/2020,790-33-6898,5415.18
347,Genna,Miriam,Genna,Female,12/24/2019,429-91-4934,60483.47
348,Bernardo,Hercule,Sholom,Male,11/20/2020,860-86-6979,80249.94
349,Alissa,Inger,Dora,Female,8/20/2020,546-19-1948,49910.40
350,Abran,Brewer,Isidor,Male,1/4/2020,171-12-5261,27017.66
351,Ardene,Jehanna,Bibbye,Female,7/25/2020,615-92-1230,40600.78
352,Guntar,Gaile,Bjorn,Male,12/2/2020,712-26-9393,59205.14
353,Phedra,Averil,Kelcey,Female,7/23/2020,387-07-7160,39118.64
354,Asher,Loydie,Derk,Male,5/9/2020,216-60-1914,83764.94
355,Joe,Gaston,Thadeus,Male,4/3/2020,479-07-7410,66034.10
356,Raffarty,Shamus,Jack,Male,3/25/2020,588-23-8333,90004.09
357,Eudora,Claude,Gina,Female,12/7/2020,719-72-8875,34520.87
358,Griffin,Ruben,Nehemiah,Male,7/14/2020,312-63-9056,67317.95
359,Nicolette,Edin,Ortensia,Female,12/2/2020,857-83-5080,79215.35
360,Shantee,Marje,Jess,Female,9/16/2020,561-84-3765,12133.08
361,Kellie,Veronica,Irma,Female,3/2/2020,541-60-6822,38349.00
362,Dimitry,Terrel,Hayes,Male,3/8/2020,286-76-8820,51787.04
363,Tracy,Kirstin,Juliette,Female,2/14/2020,248-56-4211,78263.08
364,Olympie,Liane,Essa,Female,1/31/2020,210-03-9659,4397.19
365,Syman,Algernon,Clemmie,Male,3/15/2020,610-47-9418,77469.36
366,Domenic,Kirby,Cecil,Male,4/26/2020,705-65-5593,73531.68
367,Amitie,Sadie,Tressa,Female,5/27/2020,111-18-2446,52350.42
368,Edd,Gael,Patrizio,Male,1/22/2020,106-07-1219,22282.38
369,Sawyere,Tymon,Jermaine,Male,1/25/2020,601-26-7834,83922.97
370,Xenia,Shandy,Jannelle,Female,7/5/2020,128-73-4114,88747.35
371,Allsun,Linet,Sarina,Female,3/19/2020,317-60-1539,72675.00
372,Darlleen,Elsey,Ingunna,Female,5/11/2020,285-67-0045,88821.83
373,Jerrine,Silvana,Madelena,Female,6/17/2020,133-20-6441,4994.73
374,Beret,Jordain,Idaline,Female,2/16/2020,792-62-9083,11192.19
375,Northrup,Tucky,Payton,Male,5/25/2020,530-50-5852,50316.89
376,Constancy,Janna,Trenna,Female,7/18/2020,814-82-4420,31343.14
377,Jody,Gerald,Richard,Male,3/14/2020,773-94-8880,97452.30
378,Herman,Clim,Mitchell,Male,9/1/2020,345-52-5623,65923.19
379,Berkley,Ezri,Fielding,Male,10/2/2020,679-34-9925,10506.70
380,Clerkclaude,Aymer,Creigh,Male,7/9/2020,206-62-8704,43765.07
381,Romy,Luisa,Mella,Female,8/27/2020,553-41-6194,36431.76
382,Lindsy,Effie,Millie,Female,3/15/2020,504-13-6510,81502.03
383,Wallie,Friedrick,Guglielmo,Male,3/26/2020,435-78-6796,95309.68
384,Donnell,Shepperd,Bord,Male,9/1/2020,414-51-2954,76201.08
385,Thor,Oswell,Hobey,Male,5/30/2020,837-08-9352,79868.99
386,Corbin,Adolphus,Gerick,Male,7/6/2020,468-09-6232,15893.91
387,Alva,Gav,Casper,Male,8/8/2020,253-16-5903,97312.91
388,Corney,Stearn,Meredeth,Male,12/20/2019,189-69-3642,81506.35
389,Vicky,Bethina,Staci,Female,11/5/2020,567-42-5643,75620.69
390,Hartley,Gail,Kelvin,Male,7/21/2020,785-46-0960,98389.67
391,Kalle,Xever,Sloan,Male,10/23/2020,823-94-0258,11089.85
392,Ringo,Elsworth,Alaster,Male,5/31/2020,521-57-9938,1608.25
393,Alonzo,Munmro,Moise,Male,9/27/2020,349-02-2805,4393.69
394,Rahel,Carmela,Vallie,Female,6/22/2020,708-05-3255,41810.71
395,Arman,Kendell,Chuck,Male,2/16/2020,124-86-2066,94264.49
396,Hakim,Ferguson,Flin,Male,3/20/2020,340-89-3888,10138.71
397,Terri,Amitie,Aurelia,Female,2/15/2020,639-13-8518,63945.06
398,Ingelbert,Kristian,Julian,Male,12/18/2019,794-78-8193,71225.43
399,Cheri,Florina,Philly,Female,6/14/2020,437-99-3677,75131.44
400,Agnella,Madlin,Rhona,Female,10/28/2020,301-51-8995,75996.90
401,Alejandrina,Ginnifer,Charyl,Female,10/24/2020,861-15-8706,34980.83
402,Manda,Marline,Jobie,Female,10/15/2020,163-57-4016,4139.82
403,Timothee,Lanie,Antons,Male,6/20/2020,647-96-6863,87434.91
404,Kriste,Pavla,Guinna,Female,6/22/2020,388-44-0671,37294.29
405,Simonne,Jada,Janette,Female,1/25/2020,792-64-5708,46663.51
406,Judye,Geraldine,Gina,Female,10/16/2020,217-70-6564,90807.75
407,Mischa,Dennet,Luther,Male,2/2/2020,670-17-9936,92579.98
408,Thaine,Angel,Christy,Male,4/12/2020,104-13-4830,89835.33
409,Jory,Lennie,Traver,Male,2/20/2020,161-79-6133,45105.59
410,Alexandrina,Gnni,Alyss,Female,7/4/2020,824-76-9674,46375.36
411,Wain,Micheil,Bron,Male,12/17/2019,325-45-6944,91486.85
412,Mufi,Tisha,Katrina,Female,12/26/2019,182-88-5273,13409.86
413,Donielle,Aileen,Janina,Female,10/22/2020,238-52-9469,34021.33
414,Cort,Skyler,Shelton,Male,11/15/2020,805-49-0974,7415.92
415,Ellwood,Dalis,Kenon,Male,5/23/2020,643-38-2002,55318.30
416,Fredia,Nat,Francesca,Female,7/24/2020,350-94-6306,30659.45
417,Franny,Lynde,Barbie,Female,4/2/2020,700-13-5710,37954.02
418,Gaby,Geoff,Phip,Male,12/22/2019,517-28-0880,32234.05
419,Norry,Ludovika,Rosabel,Female,6/22/2020,420-93-4356,3991.95
420,Estevan,Isaak,Franchot,Male,2/4/2020,427-60-3821,3873.17
421,Em,Kellby,Finley,Male,1/21/2020,799-65-7509,40237.03
422,Cloe,Angelia,Matilda,Female,5/27/2020,249-99-5210,12664.74
423,Roma,Piggy,Byram,Male,4/22/2020,200-94-2378,58264.41
424,Bale,Mordecai,Olav,Male,10/23/2020,296-09-0847,9888.76
425,Hedwiga,Alejandra,Ester,Female,2/14/2020,168-85-5438,31410.78
426,Nicki,Lauren,Barbee,Female,7/17/2020,295-17-1647,70213.89
427,Jacklin,Anny,Zitella,Female,11/25/2020,416-75-2711,47229.31
428,Tony,Nikolai,Antonin,Male,5/26/2020,136-28-4219,76949.78
429,Dannel,Penny,Sloan,Male,2/29/2020,530-64-5793,17549.80
430,Devlin,Baudoin,Rossie,Male,7/9/2020,477-65-2221,22610.66
431,Husain,Cully,Raoul,Male,9/10/2020,883-34-6515,75831.31
432,Shurlock,Thurston,Adrian,Male,6/9/2020,749-22-6121,55151.94
433,Rea,Ranee,Lynnette,Female,6/19/2020,330-85-6205,67802.27
434,Selestina,Eugenia,Gretel,Female,8/27/2020,717-49-9400,5484.27
435,Ritchie,Bertie,Emlyn,Male,2/29/2020,333-92-7240,76973.32
436,Chanda,Amalee,Tybi,Female,6/24/2020,205-22-1047,54872.21
437,Dian,Yetta,Joya,Female,6/13/2020,182-46-2027,59893.25
438,Richard,Fabian,Kean,Male,5/1/2020,182-06-6985,3764.15
439,Zorina,Aeriell,Abbe,Female,11/22/2020,532-93-8946,1199.49
440,Yankee,Leo,Whit,Male,9/7/2020,431-59-1341,22973.33
441,Araldo,Thedric,Duncan,Male,8/14/2020,852-16-5830,4595.42
442,Brod,Jarrad,Walsh,Male,10/11/2020,214-74-7696,40154.63
443,Dasie,Jacquette,Julieta,Female,11/23/2020,785-30-1185,58821.30
444,Dolorita,Doralin,Ciel,Female,11/3/2020,438-28-5474,23220.92
445,Sandra,Marianna,Flo,Female,1/24/2020,123-59-3994,91084.57
446,Kory,Guillaume,Linc,Male,4/6/2020,636-76-7115,91275.82
447,Aharon,Rufe,Dene,Male,2/17/2020,429-15-1958,4923.79
448,Bailie,Rogers,Myrvyn,Male,9/16/2020,831-40-8750,93647.93
449,Darbee,Stillman,Regan,Male,7/26/2020,295-62-8923,43475.10
450,Atalanta,Marci,Abagael,Female,7/27/2020,662-55-2822,37238.55
451,Uta,Issie,Ami,Female,2/6/2020,123-09-7588,94973.44
452,Kassi,Rosamund,Arielle,Female,4/12/2020,650-38-0690,90219.07
453,Gabbie,Tommie,Tait,Male,11/4/2020,822-11-0968,23967.05
454,Greggory,Lydon,Davidde,Male,7/28/2020,572-29-5105,15987.98
455,Pennie,Lowrance,Frederik,Male,9/8/2020,252-87-6904,38552.08
456,Boycey,Caleb,Holly,Male,2/9/2020,242-94-0909,52478.52
457,Augusta,Avrit,Selinda,Female,10/20/2020,703-22-6722,39808.96
458,Maddy,Torrey,Baron,Male,3/12/2020,549-16-2913,11643.29
459,Leif,Lonny,Zeb,Male,9/21/2020,595-73-0888,126.58
460,Reider,Sherlocke,Alair,Male,11/25/2020,579-88-0230,30031.16
461,Kristi,Cornela,Ivonne,Female,5/15/2020,114-69-1756,81299.84
462,Lowell,Shepard,Gerrard,Male,4/22/2020,297-23-7466,67415.92
463,Chuck,Thoma,Vail,Male,12/29/2019,875-29-0699,82966.05
464,Darrell,Darnall,Lauritz,Male,9/11/2020,668-50-9270,43030.00
465,Lamar,Osgood,Gerik,Male,8/19/2020,268-02-0541,86708.68
466,Berkeley,Ilaire,Hector,Male,1/12/2020,140-81-2214,77759.87
467,Drud,Lincoln,Vanya,Male,7/31/2020,599-55-2304,61657.29
468,Carlo,Yurik,Roddy,Male,11/14/2020,314-22-5794,88704.46
469,Elane,Lenee,Jobyna,Female,9/4/2020,567-01-4325,89133.54
470,Dynah,Colleen,Walliw,Female,12/31/2019,788-83-5532,54884.06
471,Clerkclaude,Westbrooke,Farley,Male,7/30/2020,731-59-8518,19914.30
472,Roda,Rebecka,Marcelia,Female,5/27/2020,160-60-2094,28433.58
473,Nananne,Aliza,Peta,Female,2/19/2020,400-90-4624,8600.38
474,Brooke,Shanna,Sean,Female,9/7/2020,349-13-9216,74489.12
475,Thom,Barnaby,Benjamen,Male,2/24/2020,640-95-6654,64961.53
476,Gayel,Ede,Simona,Female,1/20/2020,368-66-6029,50771.68
477,Crissie,Cristina,Lela,Female,11/22/2020,754-25-5076,77250.49
478,Broddie,Hagan,Boone,Male,3/11/2020,665-75-4184,55277.52
479,Leticia,Evangelin,Norry,Female,12/25/2019,662-40-9194,76908.80
480,Davida,Dyanna,Yetty,Female,7/18/2020,681-19-7488,20767.88
481,Garnet,Lesley,Marley,Female,11/8/2020,758-31-6541,72161.22
482,Rakel,Leontine,Ashlie,Female,3/15/2020,237-40-9237,80471.12
483,Adolf,Dane,Brockie,Male,7/4/2020,595-97-1615,80912.76
484,Alina,Caril,Rozanne,Female,7/21/2020,621-68-5145,84894.87
485,Candy,Reba,Benoite,Female,1/13/2020,899-07-1228,70492.99
486,Kaitlyn,Eleonora,Ninnette,Female,7/4/2020,356-74-4628,23701.32
487,Cy,Elwyn,Donnell,Male,11/1/2020,295-61-8261,64494.79
488,Mirabel,Micaela,Corry,Female,1/13/2020,871-47-0057,25016.26
489,Devinne,Blisse,Zilvia,Female,3/10/2020,845-45-2210,64529.99
490,Amber,Aimee,Mae,Female,1/18/2020,117-69-3093,17939.90
491,Eugine,Rani,Sharl,Female,5/27/2020,156-39-4671,48317.79
492,Rozele,Hettie,Adorne,Female,6/28/2020,273-26-8779,1694.62
493,Kristoffer,Aharon,Claudell,Male,12/11/2020,135-72-2210,25924.25
494,Patrick,Ware,Trumann,Male,4/30/2020,252-09-9988,48824.20
495,Stanfield,Leigh,Wainwright,Male,10/12/2020,137-77-1755,18657.74
496,Benita,Maggie,Terri,Female,1/3/2020,638-40-1113,63523.53
497,Ki,Ronny,Annabelle,Female,6/3/2020,400-84-8229,15074.80
498,Rickard,Garreth,Paten,Male,10/20/2020,267-34-1175,9715.69
499,Wallache,Karlan,Rayner,Male,10/18/2020,325-60-6949,2878.67
500,Englebert,Berke,Mannie,Male,5/14/2020,843-31-8375,87612.86
501,Ileana,Cammy,Odelia,Female,5/19/2020,375-81-0363,59811.70
502,Ramon,Horst,Dennison,Male,4/4/2020,867-41-7435,88802.97
503,Agace,Catina,Ora,Female,3/26/2020,339-52-1352,5181.55
504,Brook,Marylynne,Betta,Female,8/25/2020,190-74-4522,70872.52
505,Josias,Base,Howie,Male,2/16/2020,864-60-9393,87793.24
506,Garry,Pall,Rolland,Male,11/17/2020,216-83-9858,3401.66
507,Revkah,Honor,Carlynn,Female,5/16/2020,658-11-6676,97524.93
508,Carce,Hewett,Georg,Male,6/7/2020,785-97-2392,96124.48
509,Leona,Donelle,Clementia,Female,2/27/2020,441-50-9129,72688.43
510,Oswald,Irv,Ashton,Male,11/26/2020,360-72-0194,49665.64
511,Marney,Virginia,Jobi,Female,5/4/2020,487-19-7047,70903.80
512,Natty,Regan,Weider,Male,3/23/2020,676-61-2361,16583.74
513,Tessi,Fannie,Jennie,Female,12/25/2019,865-48-3478,37314.73
514,Salaidh,Ivett,Karmen,Female,7/28/2020,791-98-6337,57361.54
515,Christiane,Bobbette,Madelon,Female,9/8/2020,191-70-3309,45656.91
516,Jonathon,Lucais,Chet,Male,1/12/2020,733-62-7991,85648.62
517,Lynnet,Ted,Aurilia,Female,9/23/2020,612-57-2842,65577.34
518,Dulci,Eba,Ernestine,Female,7/5/2020,352-20-1176,73927.78
519,Odelinda,Gertrud,Oralia,Female,3/24/2020,722-43-8410,31491.82
520,Roley,Roi,Arri,Male,8/22/2020,378-28-3551,39885.37
521,Vinita,Florenza,Olenka,Female,5/5/2020,638-34-1612,28737.13
522,Zandra,Dottie,Isahella,Female,1/22/2020,124-63-6111,52605.72
523,Ferdy,Tom,Bank,Male,8/27/2020,204-06-6300,23615.18
524,Tommie,Norah,Essy,Female,9/2/2020,175-53-1034,80985.94
525,Sean,Idelle,Elmira,Female,8/22/2020,150-86-2425,40799.34
526,Etan,Stanislas,De witt,Male,1/18/2020,299-89-4019,679.58
527,Gabbie,Carr,Emmy,Male,4/28/2020,775-25-5983,10202.71
528,Gypsy,Missie,Ailina,Female,7/3/2020,204-86-1195,40823.16
529,Cherri,Danny,Dosi,Female,10/14/2020,794-10-4056,53008.28
530,Batholomew,Josiah,Paton,Male,6/7/2020,897-78-3749,77888.61
531,Baron,Reinhold,Chandler,Male,6/18/2020,110-54-6738,19243.94
532,Roana,Janeta,Eugenia,Female,1/2/2020,548-32-4371,42345.10
533,Alyse,Camila,Auria,Female,4/30/2020,484-45-2455,6043.40
534,Jasmine,Kaitlin,Victoria,Female,11/7/2020,494-57-6219,17557.85
535,Eberto,Maynard,Jaimie,Male,9/23/2020,280-98-5592,44491.46
536,Randie,Harp,Shadow,Male,12/17/2019,713-96-4624,75296.51
537,Germaine,Felike,Ariel,Male,3/6/2020,581-42-9823,42485.80
538,Allin,Bernhard,Aymer,Male,1/7/2020,568-99-5978,70780.85
539,Rudyard,Preston,Clementius,Male,6/4/2020,194-90-0576,98681.18
540,Gayle,Tye,Gavan,Male,10/26/2020,389-25-2237,10612.68
541,Rosalyn,Lorie,Rose,Female,9/12/2020,479-65-2030,7808.53
542,Rheta,Marni,Elbertine,Female,10/9/2020,145-66-2782,59947.23
543,Teodorico,Alexandr,Dallon,Male,8/12/2020,193-91-7289,6606.17
544,Juliana,Emlynn,Sofie,Female,12/13/2019,206-21-5302,96159.05
545,Nikki,Ivar,Maddy,Male,2/23/2020,430-23-6818,14012.71
546,Pedro,Reginald,Gun,Male,9/8/2020,301-38-0466,38315.97
547,Earl,Rudolfo,Olivero,Male,2/27/2020,118-35-2612,68583.34
548,Albie,Cheston,Codie,Male,4/27/2020,110-16-7242,60132.43
549,Cleve,Sherwynd,Mal,Male,4/12/2020,665-89-3887,57736.13
550,Hy,Wallache,Beauregard,Male,11/22/2020,210-65-1429,50263.48
551,Kathryne,Ardith,Katherina,Female,7/29/2020,399-39-4903,67554.70
552,Jerrilee,Guendolen,Lark,Female,9/2/2020,220-30-2716,28335.76
553,Penrod,Kennett,Edgard,Male,8/19/2020,169-90-2720,75020.59
554,Jeremy,Jesus,Wes,Male,6/2/2020,215-46-5221,6924.78
555,Fair,Cooper,Sargent,Male,4/26/2020,439-67-6605,66446.14
556,Graeme,Lorne,Lovell,Male,6/7/2020,192-54-4527,85710.53
557,Giacopo,Miltie,Denney,Male,3/27/2020,783-32-5168,10164.15
558,Andris,Keene,Hogan,Male,4/29/2020,287-56-0060,95981.34
559,Salli,Roobbie,Staci,Female,1/12/2020,783-67-7865,5219.72
560,Reed,Ogden,Olivier,Male,6/23/2020,272-76-8964,13468.68
561,Junia,Chrystel,Marlie,Female,12/12/2019,246-09-1551,91839.50
562,Gaven,Minor,Tate,Male,10/22/2020,481-10-0213,14266.29
563,Ferris,Ramon,Jayson,Male,6/17/2020,485-73-5076,72839.90
564,Hillel,Aron,Law,Male,5/9/2020,782-74-5590,114.95
565,Carry,Leela,Analiese,Female,4/20/2020,238-32-2035,53011.91
566,Cecelia,Marleen,Suzanne,Female,2/10/2020,186-78-1979,16343.83
567,Mateo,Frederic,Sigismondo,Male,11/14/2020,779-88-3066,39042.77
568,Ced,Russell,Obediah,Male,4/23/2020,605-93-8366,24480.55
569,Germain,Haley,Gwyn,Female,3/15/2020,710-16-0718,41708.99
570,Eliot,Tremayne,Otho,Male,3/6/2020,693-85-5759,39358.16
571,Brant,Aylmer,Giuseppe,Male,12/5/2020,195-84-2150,29286.38
572,Scott,Arin,Redd,Male,4/30/2020,663-13-0383,57860.89
573,Alejoa,Cheston,Raddie,Male,12/28/2019,505-46-9290,93674.71
574,Carmita,Sherri,Demetris,Female,11/22/2020,313-32-4275,37075.38
575,Millard,Malchy,Emmanuel,Male,4/18/2020,888-19-7446,77835.82
576,Catlin,Meara,Dreddy,Female,11/2/2020,830-60-5854,91102.51
577,Roland,Josiah,Mathian,Male,8/8/2020,653-55-2099,32655.45
578,Koral,Debi,Toby,Female,3/11/2020,397-57-8023,43910.46
579,Noel,Tersina,Anna-diana,Female,6/26/2020,466-19-1439,7525.55
580,Benedetto,Brocky,Feliks,Male,7/30/2020,216-34-2462,88337.28
581,Brear,Filippa,Ofelia,Female,11/26/2020,781-01-1388,76322.30
582,Britta,Carolyne,Olive,Female,2/10/2020,459-55-9555,11290.29
583,Emilio,Bennie,Tammie,Male,4/22/2020,174-90-2638,76717.10
584,Harriot,Chloris,Selena,Female,6/1/2020,827-44-9668,92217.03
585,Jeremias,Hugo,Cullie,Male,6/11/2020,241-19-3446,96863.81
586,Blake,Reynold,Kalil,Male,6/18/2020,250-38-0194,99093.19
587,Magdaia,Carroll,Nananne,Female,1/10/2020,513-37-3986,17304.46
588,Seumas,Devlen,Sheff,Male,6/5/2020,402-59-9831,52533.04
589,Wilek,Conway,Dolph,Male,6/11/2020,695-90-7580,30717.83
590,Ryun,Saunder,Natal,Male,8/17/2020,336-51-6588,50000.32
591,Alia,Lilah,Brena,Female,5/22/2020,852-57-1545,89400.42
592,Drusi,Gerry,Daisie,Female,6/25/2020,262-93-8287,23383.54
593,Thaddus,Marcellus,Kristian,Male,1/13/2020,538-48-5555,58414.55
594,Dante,Rochester,Gunner,Male,11/27/2020,410-12-0737,65898.80
595,Durand,Nickolai,Skylar,Male,2/24/2020,396-24-9705,54870.00
596,Grantham,Rancell,Giselbert,Male,6/26/2020,158-40-5846,47499.29
597,Laetitia,Stacie,Tildy,Female,3/16/2020,833-36-9446,38822.53
598,Heddi,Lidia,Estele,Female,1/22/2020,267-43-0502,43116.65
599,Bernie,Lissy,Eileen,Female,8/11/2020,634-15-4790,64245.71
600,Feodor,Alf,Pincas,Male,10/8/2020,531-19-5380,65840.74
601,Giraud,Chrisy,Northrop,Male,2/23/2020,177-66-6822,77241.53
602,Rudolph,Rodolfo,Saunderson,Male,1/31/2020,805-28-7304,69201.91
603,Pedro,Husein,Stanleigh,Male,4/10/2020,682-24-9572,51088.10
604,Colin,Brand,Bronny,Male,6/24/2020,562-90-9958,69599.78
605,Melania,Tiffany,La verne,Female,11/21/2020,202-23-9479,58190.84
606,Tedman,Bertie,Tyrus,Male,1/26/2020,843-82-6502,54562.52
607,Parry,Lief,Barnard,Male,9/22/2020,366-96-7192,73221.20
608,Byrom,Silvain,Trstram,Male,3/16/2020,715-22-3400,24441.38
609,Mareah,Jacinta,Henrieta,Female,8/12/2020,833-06-3941,30608.83
610,Toma,Kiele,Nady,Female,8/13/2020,848-16-0751,50153.10
611,Derron,Rowan,Rollie,Male,11/24/2020,195-62-5463,64973.90
612,Sebastiano,Carlyle,Carrol,Male,7/26/2020,218-52-7869,61157.99
613,Bethany,Lucina,Belita,Female,12/7/2020,606-91-2628,524.98
614,Anthiathia,Arlie,Charlean,Female,10/4/2020,505-36-8685,15029.33
615,Annalise,Cami,Kay,Female,1/8/2020,692-32-9069,53582.51
616,Stacee,Vincent,Gothart,Male,12/28/2019,690-28-9218,37479.64
617,Marshall,Jedediah,Rene,Male,2/1/2020,296-21-3617,56241.85
618,Dotti,Avril,Charmine,Female,1/18/2020,898-43-3766,84972.75
619,Richmound,Lin,Roderich,Male,1/21/2020,299-84-3542,64790.11
620,Giffer,Rance,Banky,Male,7/8/2020,147-62-0064,36543.08
621,Bary,Earvin,Jonathan,Male,5/1/2020,188-05-2520,11703.14
622,Juditha,Carolynn,Selie,Female,11/10/2020,897-90-5090,70323.23
623,Jolene,Thelma,Amitie,Female,2/5/2020,620-44-0602,33048.51
624,Ferrell,Shell,Aldridge,Male,11/29/2020,438-24-8437,90602.32
625,Heddie,Lavinia,Alicea,Female,1/8/2020,787-20-2134,53016.25
626,Reese,Chadd,Morten,Male,4/3/2020,416-78-1541,76026.30
627,Gray,Brooks,Mariana,Female,5/30/2020,598-72-6713,78850.09
628,Gayleen,Mira,Thomasa,Female,11/8/2020,683-81-3661,35277.74
629,Iain,Huntlee,Bevin,Male,6/7/2020,160-63-4659,26115.58
630,Fanechka,Aurel,Chanda,Female,10/11/2020,181-30-6024,15513.44
631,Farris,Hector,Alberik,Male,5/24/2020,649-64-9053,61638.05
632,Pasquale,Brannon,Lyle,Male,8/29/2020,548-63-4439,24733.86
633,Penelope,Zilvia,Freda,Female,6/18/2020,561-68-0396,8362.22
634,Poul,Fairleigh,Reuven,Male,5/9/2020,583-73-1072,41422.74
635,Manon,Flo,Konstance,Female,9/21/2020,471-53-6143,87438.58
636,Elia,Willem,Remington,Male,6/15/2020,365-71-6663,23704.35
637,Tybie,Helaine,Dinnie,Female,8/16/2020,509-47-6303,52910.14
638,Skippy,Burty,Alon,Male,10/10/2020,215-04-3570,55567.66
639,Claudie,Rhodia,Brook,Female,3/15/2020,300-61-2215,76594.28
640,Oneida,Sharline,Laney,Female,11/7/2020,510-93-4829,82004.81
641,Anitra,Rubie,Leann,Female,9/30/2020,896-25-0509,4426.38
642,Rozina,Trish,Cate,Female,11/21/2020,239-54-3971,85285.14
643,Barnebas,Con,Meir,Male,12/27/2019,174-19-8543,8556.36
644,Maure,Tessy,Estella,Female,9/25/2020,477-35-8213,72934.04
645,Dedra,Loleta,Stella,Female,12/21/2019,596-97-3022,66045.31
646,Julianna,Nicholle,Siana,Female,1/16/2020,250-30-8511,75876.39
647,Warden,Clair,Ike,Male,1/21/2020,734-70-8505,19408.24
648,Pollyanna,Bobette,Fifi,Female,9/28/2020,176-81-0810,97627.87
649,Walther,Cullie,Lawton,Male,11/1/2020,120-04-5155,54477.58
650,Shepperd,Rodney,Herschel,Male,7/29/2020,387-23-4297,25502.71
651,Rebekah,Daryn,Shayne,Female,1/31/2020,749-36-6494,5095.03
652,Melinda,Ellissa,Illa,Female,4/25/2020,811-38-8779,89095.99
653,Dieter,Vincent,Matthaeus,Male,4/26/2020,710-35-7454,28448.33
654,Averill,Philip,Tedie,Male,8/17/2020,434-50-1141,50543.75
655,Killian,Sig,Terence,Male,1/18/2020,703-72-1103,69898.13
656,Elsworth,Kelwin,Joey,Male,9/23/2020,239-26-7264,64196.85
657,Linell,Alejandrina,Henrie,Female,12/26/2019,210-22-5327,64754.73
658,Tymothy,Rusty,Manuel,Male,4/15/2020,777-92-0431,76595.28
659,Aguie,Cobbie,Purcell,Male,1/18/2020,595-81-8892,796.93
660,Roxie,Willyt,Marybeth,Female,11/5/2020,525-41-0135,70190.71
661,Maressa,Devin,Karlie,Female,7/1/2020,531-42-8232,89409.66
662,Ezequiel,Faulkner,Redford,Male,3/11/2020,816-54-0810,67963.11
663,Bobbi,Sonnie,Tarrah,Female,7/16/2020,552-73-0359,4603.48
664,Dannel,Ignacius,Stanleigh,Male,9/9/2020,792-78-1426,21674.78
665,Sharleen,Rakel,Mandy,Female,3/2/2020,836-26-7333,64796.37
666,Jameson,Antone,Car,Male,8/24/2020,670-69-1559,37246.85
667,Arther,Kile,Nicol,Male,6/16/2020,535-21-2995,71901.10
668,Justina,Samara,Priscella,Female,3/3/2020,657-26-5961,31054.37
669,Issiah,Pall,Eugen,Male,3/25/2020,266-65-9670,56508.90
670,Freida,Tilda,Gwyneth,Female,9/2/2020,122-65-9596,17643.53
671,Xavier,Amble,Ermin,Male,7/6/2020,605-01-3986,71991.52
672,Briny,Phillis,Theresa,Female,9/5/2020,387-87-4678,12673.39
673,Malia,Whitney,Aliza,Female,5/27/2020,826-84-9616,44634.92
674,Vilma,Marcia,Sonia,Female,5/18/2020,191-98-8717,87753.15
675,Kory,Krispin,Mallory,Male,10/22/2020,538-92-0679,5839.54
676,Brien,Rickey,Prinz,Male,9/29/2020,281-52-6268,57693.70
677,Sibel,Reiko,Tessy,Female,1/30/2020,490-86-6098,26078.99
678,Meridith,Angelita,Kylynn,Female,2/18/2020,589-48-7874,84093.67
679,Stacy,Audrey,Lorrin,Female,6/13/2020,359-11-2010,96122.99
680,Charlene,Lorrin,Tomasine,Female,12/3/2020,411-19-7329,49200.00
681,Mommy,Junie,Kippie,Female,7/1/2020,158-74-2274,30146.02
682,Heather,Fawn,Ninette,Female,5/9/2020,620-78-6228,37113.48
683,Donall,Donall,Berton,Male,3/1/2020,636-99-6115,18280.10
684,Reba,Bernita,Roberta,Female,10/17/2020,148-81-3211,70703.94
685,Gene,Delcine,Guenevere,Female,1/24/2020,558-76-6678,13571.01
686,Katina,Darlleen,Lynett,Female,8/31/2020,393-21-2954,92932.82
687,Flynn,Feodor,Filberte,Male,5/2/2020,763-48-9907,43621.89
688,Cello,Zane,Nate,Male,9/24/2020,208-42-7426,80062.46
689,Calla,Eva,Dorice,Female,11/6/2020,449-05-0716,91993.70
690,Ichabod,Butch,Ethelred,Male,3/10/2020,202-87-0167,47603.41
691,Derk,Manfred,Pepito,Male,5/27/2020,640-74-6842,14425.49
692,Dorella,Adrianne,Geri,Female,2/18/2020,169-41-8808,940.49
693,Bondon,Berny,Maury,Male,11/2/2020,460-14-2827,37966.83
694,Cordy,Adora,Felicle,Female,7/19/2020,111-32-0952,14145.15
695,Lynsey,Roxie,Bekki,Female,12/10/2020,779-40-8598,17466.26
696,Marcos,Thorpe,Lazarus,Male,7/5/2020,803-98-4909,4074.10
697,Terrel,Jamesy,Sergent,Male,3/27/2020,526-06-7015,2807.36
698,Celesta,Jolene,Bonny,Female,6/16/2020,840-11-8905,27354.46
699,Dennie,Vlad,Darn,Male,6/17/2020,474-98-5513,1656.75
700,Barrie,Reggie,Jasun,Male,12/28/2019,413-87-2651,94806.55
701,Augusta,Allianora,Cathyleen,Female,5/24/2020,109-04-0943,97696.51
702,Michaeline,Flossy,Lorianna,Female,7/21/2020,880-27-3901,52759.60
703,Cyndie,Aime,Keely,Female,5/15/2020,388-95-9737,78995.04
704,Yolande,Genovera,Annissa,Female,8/6/2020,495-15-3131,2205.73
705,Vaughn,Guido,Quintus,Male,12/11/2020,554-27-0743,62188.90
706,Lindsay,Leonidas,Thorpe,Male,2/27/2020,765-25-3409,95564.76
707,Neal,Jacobo,Leonardo,Male,10/14/2020,294-79-4071,86273.97
708,Orbadiah,Kurt,Carroll,Male,11/20/2020,588-92-8356,15781.09
709,Sandor,Vasili,Herb,Male,2/11/2020,356-18-9211,41588.46
710,Elroy,Mendy,Martainn,Male,8/22/2020,579-50-8830,95874.11
711,Raynell,Willette,Dolores,Female,11/3/2020,385-69-0703,40437.00
712,Winnie,Percy,Clemente,Male,2/2/2020,159-77-1624,96928.83
713,Laureen,Robbyn,Ruthie,Female,12/24/2019,390-26-5265,46639.08
714,Dalila,Ardra,Nadine,Female,3/23/2020,310-70-3636,10626.32
715,Zaneta,Tersina,Joell,Female,6/27/2020,209-75-8828,91851.64
716,Felisha,Mabel,Jennee,Female,9/15/2020,308-25-6141,94668.24
717,Cathyleen,Tresa,Barbee,Female,7/27/2020,349-87-6770,92894.00
718,Delilah,Correy,Stephanie,Female,2/4/2020,889-49-1593,27060.58
719,Chrisy,Brok,Hamel,Male,12/25/2019,652-90-4128,27499.19
720,Virgina,Elfie,Verene,Female,3/31/2020,184-69-2873,79273.46
721,Ellery,Franklyn,Grantley,Male,3/2/2020,898-16-6516,55139.17
722,Lanny,Carrie,Mildrid,Female,6/7/2020,285-23-5056,97562.89
723,Homere,Colver,Jeth,Male,11/14/2020,310-33-0632,20263.47
724,Gareth,Avram,Herrick,Male,3/17/2020,687-25-6279,83460.41
725,Sybyl,Joelly,Antonietta,Female,1/23/2020,771-88-8926,37815.12
726,Linell,Brook,Tyne,Female,2/29/2020,626-80-4117,59922.25
727,Faye,Caprice,Brittany,Female,7/17/2020,704-81-2205,90273.48
728,Sully,Karlik,Ashley,Male,12/27/2019,405-93-2631,35034.76
729,Elia,Sigfrid,Ryon,Male,4/23/2020,139-83-6385,18389.30
730,Mikael,Kristofer,Gerry,Male,8/12/2020,659-91-1416,44100.90
731,Schuyler,Ewart,Munroe,Male,12/31/2019,516-58-0832,49842.52
732,Burr,Kelwin,Matthaeus,Male,4/11/2020,589-43-6703,32509.62
733,Goddart,Town,Frank,Male,1/26/2020,158-50-8485,70087.60
734,Charissa,Mallorie,Rheba,Female,8/26/2020,643-96-8121,88951.24
735,Langsdon,Tannie,Cully,Male,7/8/2020,645-30-7453,13685.69
736,Lucho,Fabio,Park,Male,4/22/2020,369-68-4475,34612.65
737,Matteo,Currey,Julian,Male,8/19/2020,577-44-3496,67149.03
738,Andrey,Mathian,Ethelbert,Male,3/24/2020,699-66-7996,26393.45
739,Leanna,Dorene,Gina,Female,12/23/2019,195-22-7598,81298.02
740,Hali,Estelle,Cloris,Female,4/19/2020,318-52-1775,70434.52
741,Alanson,Clark,Alfy,Male,10/20/2020,220-09-0229,74520.27
742,Zarah,Wilow,Cornela,Female,2/28/2020,182-62-8777,10479.37
743,Fania,Cinderella,Audi,Female,4/28/2020,203-57-0728,77185.66
744,Wendeline,Shelagh,Dulciana,Female,4/20/2020,248-36-2125,37464.29
745,Horacio,Baldwin,Eldon,Male,2/14/2020,176-55-5140,82415.47
746,Cash,Sean,Neall,Male,4/23/2020,206-56-8476,10283.04
747,Filberte,Wayne,Gerek,Male,8/14/2020,151-28-5033,47331.82
748,Melodee,Stephannie,Gustie,Female,1/7/2020,869-73-8770,83693.97
749,Byrann,Giselbert,Franzen,Male,4/17/2020,161-03-8829,54815.79
750,Gerrie,Fernandina,Mae,Female,2/8/2020,726-03-2208,52058.67
751,Gene,Ripley,Armstrong,Male,11/21/2020,769-74-8575,55640.35
752,Tomas,Flin,Russ,Male,2/27/2020,753-88-5993,57136.95
753,Lonny,Cori,Whitney,Male,4/6/2020,586-27-1680,81720.70
754,Udall,Mayne,Nickey,Male,8/23/2020,100-09-0434,55691.59
755,Toinette,Lisha,Helyn,Female,2/14/2020,639-55-5986,44924.08
756,Michelle,Abigail,Bobine,Female,4/19/2020,286-98-0673,81626.26
757,Heinrik,Peadar,Roberto,Male,12/14/2019,514-70-3425,50248.35
758,Rockie,Staford,Giffer,Male,12/9/2020,795-65-7857,97161.21
759,Garner,Gustave,Dame,Male,12/5/2020,783-60-1987,89506.49
760,Hildy,Rakel,Malorie,Female,7/28/2020,192-34-2885,50807.35
761,Chloris,Rubi,Dorolisa,Female,12/3/2020,244-06-4630,20962.34
762,Allissa,Lilah,Nert,Female,4/13/2020,469-21-8406,88366.26
763,Marta,Eleanore,Valene,Female,4/19/2020,837-88-2604,92480.37
764,Lynnet,Maisey,Hortensia,Female,10/21/2020,729-88-4352,70102.78
765,Zacharia,Ricki,Cesaro,Male,7/4/2020,870-42-9285,65443.24
766,Sherwin,Gun,Demetrius,Male,1/28/2020,404-82-3986,75569.81
767,Tamma,Veriee,Lind,Female,7/25/2020,658-40-2947,35321.79
768,Merlina,Seka,Angie,Female,1/29/2020,696-18-0078,28368.94
769,Erin,Gracia,Cinda,Female,2/12/2020,836-02-2566,83405.79
770,Leoine,Madelena,Aliza,Female,2/11/2020,503-33-9316,73020.26
771,Gwenette,Delora,Ilsa,Female,6/16/2020,387-34-3491,44365.77
772,Twila,Amalita,Linnie,Female,7/13/2020,557-72-3961,53081.36
773,Yoko,Lulu,Gaye,Female,11/7/2020,303-14-5890,49142.84
774,Kayne,Ole,Gallagher,Male,6/18/2020,790-09-7562,10016.08
775,Micky,Laverne,Aveline,Female,7/31/2020,383-51-7915,6259.67
776,Stirling,Bjorn,Ban,Male,10/9/2020,674-30-8310,43612.96
777,Starlin,Sue,Katinka,Female,6/7/2020,370-86-0206,21989.67
778,Luther,Rowland,Giraldo,Male,10/17/2020,117-84-3346,72637.90
779,Sammy,Vivie,Jasmin,Female,5/8/2020,416-08-0443,43578.62
780,Bartlett,Rice,Nealon,Male,1/17/2020,829-79-8309,88935.96
781,Neddie,Yvor,Brewster,Male,12/7/2020,430-94-1830,51537.31
782,Wynny,Millisent,Arlee,Female,11/27/2020,266-67-2487,7477.55
783,Odell,Jere,Maurizio,Male,5/22/2020,399-04-9600,47884.42
784,Earl,Rusty,Marion,Male,12/12/2019,739-79-2862,9591.60
785,Clevey,Tab,Eduino,Male,7/26/2020,629-39-3249,35842.93
786,Trudi,Del,Rosalinde,Female,8/23/2020,858-80-9544,6084.95
787,Valentia,Angie,Malinde,Female,12/19/2019,849-82-7934,15311.70
788,Alvera,Lilith,Shelba,Female,9/26/2020,723-03-5140,86885.06
789,Kathe,Antonie,Cortney,Female,7/13/2020,530-80-1084,82484.83
790,Milton,Abrahan,Godfree,Male,3/19/2020,105-24-9842,2993.03
791,Tyler,Morton,Marco,Male,5/9/2020,459-83-2399,95831.35
792,Consuelo,Annamaria,Adelina,Female,9/5/2020,221-66-7171,57661.95
793,Hank,Hastings,Ludwig,Male,4/10/2020,119-32-1094,80122.28
794,Kristin,Elita,Elizabet,Female,8/15/2020,519-95-5806,96607.12
795,Tanhya,Deni,Orsola,Female,3/22/2020,810-53-5443,50162.75
796,Dalli,Ashlin,Tabb,Male,11/2/2020,439-58-2433,67346.01
797,Paolo,Reinwald,Tobe,Male,11/18/2020,654-40-3363,94228.65
798,Alana,Willetta,Regine,Female,3/5/2020,388-33-4979,70292.38
799,Kattie,Arlyn,Bessy,Female,4/17/2020,765-57-8902,46694.33
800,Kathlin,Maddie,Joleen,Female,4/6/2020,463-03-6209,55383.66
801,Jen,Alix,Jean,Female,7/26/2020,894-83-4605,67322.30
802,Steffie,Chrystal,Dionne,Female,6/20/2020,576-94-5590,1629.41
803,Dav,Rice,Cobbie,Male,6/26/2020,700-18-4072,6699.23
804,Brigit,Elita,Aubine,Female,12/31/2019,526-97-2164,64621.20
805,Cindy,Gusella,Sascha,Female,11/2/2020,187-79-7330,49803.84
806,Wilhelm,Urbano,Raul,Male,5/12/2020,795-45-3532,20346.75
807,Lefty,Michal,Gilbert,Male,7/12/2020,719-85-3950,23019.58
808,Mara,Cahra,Jobina,Female,11/18/2020,721-87-3759,18503.75
809,Mylo,Pascal,Adolphe,Male,6/6/2020,172-87-0962,66778.48
810,Vicki,Marnie,Blithe,Female,6/26/2020,564-01-8100,36157.96
811,Lemmie,Horten,Earvin,Male,1/4/2020,304-66-1599,94310.87
812,Melisse,Kitti,Christin,Female,7/9/2020,255-85-1278,24688.22
813,Cynthia,Zarah,Umeko,Female,12/22/2019,232-55-5371,42102.41
814,Emmaline,Fina,Di,Female,12/27/2019,786-09-3398,14896.48
815,Prent,Justus,Tailor,Male,2/15/2020,772-40-5993,7879.22
816,Nichole,Agretha,Rosabel,Female,3/3/2020,108-20-9830,36757.61
817,Gilbert,Wash,Jamil,Male,10/29/2020,851-28-9865,3426.92
818,Eryn,Cinda,Melloney,Female,6/18/2020,123-16-0662,75405.22
819,Dame,Connie,Mikkel,Male,7/24/2020,526-18-4005,51181.60
820,Haroun,Weber,Yance,Male,4/1/2020,872-30-6534,32248.79
821,Jacques,Bone,Chicky,Male,5/16/2020,849-12-7168,62140.16
822,Faber,Hendrick,Gran,Male,8/18/2020,167-70-7474,91837.70
823,Gussie,Rhianon,Daniella,Female,12/26/2019,180-52-1580,97126.52
824,Maynard,Bastian,Kelby,Male,5/24/2020,398-87-0869,473.62
825,Hillyer,Pierre,Ivar,Male,3/13/2020,541-49-1033,484.93
826,Wesley,Ilaire,Hillier,Male,8/19/2020,710-49-2628,19700.20
827,Raimondo,Moise,Nahum,Male,9/23/2020,795-91-3600,78615.38
828,Alena,Donnajean,Valerie,Female,12/14/2019,757-30-2177,87451.88
829,Misti,Terrijo,Hyacintha,Female,8/2/2020,852-08-9413,86008.10
830,Kelcie,Shaine,Maegan,Female,8/7/2020,829-41-0664,27151.17
831,Frederik,Horten,Antone,Male,10/6/2020,448-02-7620,90852.33
832,Barret,Leslie,Sullivan,Male,6/20/2020,429-46-8098,44169.42
833,Martie,Louie,Curr,Male,9/17/2020,511-12-4750,71526.13
834,Rosella,Gwenni,Alexis,Female,3/24/2020,183-50-1407,404.99
835,Emery,Christian,Hallsy,Male,8/7/2020,826-17-2794,78890.17
836,Gery,Danny,Aurthur,Male,3/30/2020,187-26-5326,78095.64
837,Mile,Devy,Aldous,Male,9/19/2020,407-14-3714,49970.91
838,Kristo,Christoffer,Griffy,Male,9/27/2020,139-09-5479,53083.89
839,Loree,Ami,Melina,Female,2/16/2020,533-73-3044,1654.83
840,Madlin,Brenn,Shoshanna,Female,10/8/2020,616-35-5164,11384.53
841,Dode,Blanch,Neala,Female,2/8/2020,133-83-9315,20832.92
842,Beltran,Ron,Ray,Male,2/19/2020,630-71-7457,31539.06
843,West,Francisco,Cazzie,Male,4/13/2020,467-27-9961,94855.78
844,Emmey,Beatrix,Rosemary,Female,3/17/2020,855-12-6650,16593.49
845,Augy,Bernarr,Northrop,Male,4/20/2020,811-64-9605,76612.18
846,Wolfie,Kin,Forbes,Male,6/4/2020,377-79-0941,41970.94
847,Dael,Tom,Corbin,Male,10/29/2020,596-14-9080,99559.91
848,Tobiah,Leroy,Skip,Male,4/12/2020,162-28-5673,28760.28
849,Tana,Brita,Angelique,Female,1/19/2020,558-99-7966,29291.34
850,Thalia,Alika,Mirna,Female,1/28/2020,696-45-1279,68880.97
851,Bat,Frank,Zak,Male,3/29/2020,815-43-1538,62402.20
852,Brocky,Alyosha,Wylie,Male,2/25/2020,530-26-2603,94363.35
853,Aylmar,Wood,Tristam,Male,2/22/2020,174-10-6963,99323.16
854,Hilario,Arie,Ferd,Male,5/16/2020,161-71-9270,62636.51
855,Maggie,Lissy,Danyelle,Female,9/27/2020,776-19-9298,12458.22
856,Cathe,Julieta,Emera,Female,2/12/2020,471-39-5821,41638.79
857,Milissent,Aliza,Debera,Female,11/30/2020,575-76-4485,67568.31
858,Flint,Tommie,Dimitri,Male,6/12/2020,118-50-0886,9239.62
859,Demetri,Kinny,John,Male,12/7/2020,881-73-0114,72140.46
860,Joby,Flory,Bernie,Female,8/26/2020,219-40-6981,56295.01
861,Adelina,Bertina,Britney,Female,8/22/2020,250-67-1509,54285.16
862,Teddi,Verla,Idette,Female,4/9/2020,311-63-1774,1726.66
863,Merralee,Ashly,Claudia,Female,1/25/2020,494-37-5588,84356.69
864,Ulberto,Buck,Lancelot,Male,4/24/2020,897-69-7595,92799.25
865,Maryann,Sherye,Zulema,Female,5/7/2020,108-92-3748,95974.59
866,Mikol,Cammy,Vincents,Male,9/21/2020,544-02-7319,56078.50
867,Selestina,Flossi,Myranda,Female,1/19/2020,414-43-2673,87596.08
868,Lalo,Kennedy,Eduardo,Male,9/9/2020,879-80-8734,31711.29
869,Rogers,Cullan,Fonzie,Male,10/16/2020,238-96-8440,14154.36
870,Korry,Ilka,Kylynn,Female,2/10/2020,233-67-0904,57419.60
871,Herbert,Rustie,Norbert,Male,4/29/2020,760-35-8416,29554.29
872,Baudoin,Aldric,Marcos,Male,1/31/2020,437-23-1781,42105.46
873,Hal,Ody,Grenville,Male,3/1/2020,829-13-1088,65514.52
874,Angelique,Gracie,Ninon,Female,10/8/2020,690-76-9115,6034.38
875,Wini,Lethia,Eva,Female,4/28/2020,442-73-9277,12968.62
876,Blake,Ruddy,Bartlett,Male,5/7/2020,388-06-8626,13503.91
877,Herold,Riley,Ike,Male,10/17/2020,631-32-3000,57365.59
878,Blair,Eduino,Tristam,Male,1/3/2020,204-75-3126,11612.64
879,Maxy,Eddie,Torey,Female,4/1/2020,650-30-0107,99452.70
880,Raul,Stinky,Huey,Male,6/5/2020,878-41-1007,36334.07
881,Nelson,Willi,Patten,Male,12/9/2020,522-80-1385,35907.60
882,Tiebout,Packston,Syman,Male,9/19/2020,590-57-9860,27276.41
883,Richie,Michail,Scott,Male,6/9/2020,794-80-4510,79195.58
884,Kellyann,Catherin,Lita,Female,2/7/2020,653-19-7984,70758.48
885,Harrie,Winnah,Siana,Female,9/4/2020,528-80-8961,70936.63
886,Fran,Jeremie,Damon,Male,2/26/2020,546-18-8741,18381.41
887,Joe,Seumas,Lon,Male,1/20/2020,842-80-5339,33660.70
888,Livvy,Corri,Gisella,Female,12/1/2020,104-69-8090,50354.00
889,Tris,Devlin,Sebastien,Male,8/7/2020,608-88-2444,65316.31
890,Melany,Liv,Tomi,Female,1/28/2020,534-54-8636,33398.21
891,Francoise,Maure,Monica,Female,6/4/2020,205-08-7171,73128.91
892,Waverley,Barri,Bob,Male,5/30/2020,217-50-5836,24989.31
893,Gerti,Tedi,Rheba,Female,4/2/2020,639-28-5570,60693.90
894,Kareem,Abraham,Findley,Male,3/7/2020,412-24-1243,97239.30
895,Forest,Murdock,Lemmie,Male,11/6/2020,111-02-0827,69087.09
896,Elvira,Manya,Tana,Female,3/4/2020,377-47-3442,88289.79
897,Lewie,Lorin,Milty,Male,11/21/2020,536-98-5942,46247.25
898,Balduin,David,Fidelio,Male,1/15/2020,557-35-4188,2976.78
899,Dylan,Hartley,Augusto,Male,5/19/2020,391-69-2961,90940.85
900,Bertrand,Mateo,Wolf,Male,8/8/2020,109-16-9225,57727.26
901,Tomasine,Karon,Sybyl,Female,7/8/2020,881-25-3274,6558.33
902,Boote,Gregorio,Eal,Male,12/28/2019,417-62-3838,28306.23
903,Cazzie,Raddy,Gualterio,Male,9/19/2020,501-32-8404,78876.13
904,Marlie,Virgina,Stace,Female,11/23/2020,416-61-4736,40996.45
905,Filbert,Skipper,Sebastien,Male,4/29/2020,868-84-5670,13907.47
906,Mareah,Adela,Heidie,Female,8/31/2020,438-67-8257,62135.02
907,Dolly,Marge,Mirabel,Female,9/23/2020,225-52-8808,95947.80
908,Isaak,Cassie,Hayward,Male,12/10/2020,656-12-1910,4646.80
909,Gery,Padget,Bentlee,Male,1/14/2020,832-04-0765,52098.52
910,Charlotte,Pegeen,Johna,Female,5/27/2020,484-89-5127,82738.80
911,Alice,Annmarie,Lyndell,Female,7/12/2020,639-31-7769,34318.99
912,Cinda,Mahala,Tawsha,Female,5/11/2020,189-82-5589,26225.73
913,Letisha,Michaeline,Roseann,Female,7/26/2020,417-53-1155,65695.73
914,Toby,Rosco,Jefferson,Male,10/30/2020,830-30-8092,63807.12
915,Sheffield,Hubey,Gill,Male,5/13/2020,419-44-3087,10175.27
916,Celestina,Karalee,Avie,Female,8/8/2020,568-81-9365,25884.09
917,Mersey,Elinore,Hester,Female,5/7/2020,332-66-1099,82554.78
918,Micki,Therine,Xylina,Female,2/17/2020,700-25-2120,60850.40
919,Parrnell,Daron,Michael,Male,6/22/2020,165-31-8435,50873.67
920,Junette,Regina,Tedi,Female,4/1/2020,272-33-1338,87826.30
921,Dorothee,Gay,Ardenia,Female,1/24/2020,337-61-2382,14242.77
922,Evey,Gertrude,Kayle,Female,12/22/2019,289-72-7192,81668.32
923,Chris,Winfield,Sanford,Male,5/11/2020,316-55-5056,70233.97
924,Dominik,Albie,Dunc,Male,3/11/2020,785-25-2205,73693.03
925,Ivar,Desmond,Val,Male,8/13/2020,639-54-7322,39609.11
926,Freedman,Eamon,Webster,Male,3/12/2020,819-21-2275,81297.48
927,Obadias,Godfrey,Monty,Male,11/3/2020,856-02-2542,86415.29
928,Annis,Devi,Annamarie,Female,6/21/2020,181-80-3634,67511.57
929,Tandy,Marley,Elicia,Female,2/25/2020,733-66-4268,93913.04
930,Sunshine,Moyna,Carolan,Female,7/31/2020,228-22-8608,68879.53
931,Hodge,Matthaeus,Abram,Male,5/29/2020,858-25-2428,14870.49
932,Charlton,Erskine,Hazlett,Male,10/8/2020,446-94-9242,96976.21
933,Cedric,Othello,Rodolphe,Male,5/15/2020,657-97-5417,90730.63
934,Akim,Otho,Giulio,Male,12/13/2019,816-53-2449,71953.09
935,Filberte,Howey,Morly,Male,11/26/2020,528-90-3163,58759.97
936,Jojo,Eadith,Norri,Female,5/2/2020,194-81-1182,13571.57
937,Lucho,Erich,Zachery,Male,4/12/2020,377-36-8179,40966.89
938,Cirillo,Frasquito,Neddy,Male,9/3/2020,597-02-6834,70511.88
939,Patin,Alvy,Gare,Male,11/13/2020,810-68-2210,88448.18
940,Ruperta,Kimmi,Lurlene,Female,4/23/2020,203-89-8677,44543.89
941,Florance,Alicia,Fifine,Female,9/12/2020,798-67-7887,98289.43
942,Frannie,Roger,Hartley,Male,11/14/2020,314-55-2071,85810.39
943,Tabbie,Emmett,Johnathan,Male,12/8/2020,864-26-9040,64701.33
944,Margarethe,Janella,Rodie,Female,8/1/2020,800-54-5815,37872.79
945,Dona,Wallis,Cayla,Female,2/9/2020,874-92-4991,54818.55
946,Wayne,Padgett,Richmond,Male,2/28/2020,185-20-2675,70044.29
947,Ira,Mirella,Iseabal,Female,5/14/2020,746-40-8448,45464.96
948,Alfonso,Ned,Skipton,Male,11/24/2020,387-03-1802,68924.44
949,Alastair,Antonio,Dietrich,Male,1/27/2020,243-24-2220,90606.20
950,Ambrosio,Devlen,Lionel,Male,11/8/2020,634-41-0818,39673.09
951,Carl,Ransell,Wyn,Male,5/23/2020,892-26-3193,65264.73
952,Pedro,Carleton,Farrel,Male,4/30/2020,740-32-0900,19584.96
953,Ambrose,Elliott,Nealon,Male,7/26/2020,830-37-2163,67857.18
954,Tanney,Decca,Abdel,Male,12/29/2019,680-33-2785,77600.86
955,Zaneta,Renie,Marguerite,Female,6/22/2020,562-25-8512,22008.78
956,Giff,Lammond,Massimo,Male,3/26/2020,762-22-0356,17377.72
957,Derril,Barret,Kippy,Male,5/18/2020,356-21-0728,31802.87
958,Tobin,Evered,Erich,Male,8/19/2020,545-55-6585,36783.96
959,Yard,Justen,Reynolds,Male,6/25/2020,391-13-9525,7079.17
960,Ilene,Sarene,Francesca,Female,4/23/2020,426-20-6823,41144.21
961,Nealon,Christy,Graig,Male,12/15/2019,312-44-8343,51253.99
962,Gunner,Aubert,Skip,Male,1/13/2020,300-97-4236,11600.61
963,Myrtice,Jonis,Sindee,Female,6/1/2020,141-83-1682,33584.51
964,Denise,Rosalie,Kimmie,Female,3/20/2020,629-40-6699,14646.74
965,Abigail,Inger,Carley,Female,2/11/2020,684-67-3914,81271.43
966,Jeth,Derron,Kelsey,Male,8/29/2020,357-34-5119,50085.91
967,Ginelle,Catharina,Phaedra,Female,10/7/2020,349-04-1962,34584.74
968,Oswald,Ian,Wye,Male,3/31/2020,273-10-4629,19707.90
969,Felic,Creighton,Sergent,Male,4/23/2020,295-26-2075,88376.52
970,Wilbert,Erny,Gene,Male,12/11/2020,620-62-5895,98963.59
971,Sybyl,Clerissa,Katrina,Female,4/9/2020,226-57-6650,15571.36
972,Jeremie,Dagny,Chico,Male,8/31/2020,114-61-5206,79252.06
973,Javier,Shamus,Hewet,Male,9/22/2020,248-73-4447,91111.15
974,Moe,Adolf,Geoffrey,Male,5/29/2020,606-28-5865,93661.93
975,Elsworth,Paten,Chrisse,Male,8/4/2020,417-99-5324,43971.92
976,Carly,Katleen,Cathe,Female,5/13/2020,152-52-3006,39551.94
977,Cariotta,Whitney,Lu,Female,11/28/2020,245-42-6570,18132.13
978,Tannie,Donny,Carlyle,Male,10/25/2020,454-69-7391,6293.39
979,Allie,Madison,Patty,Male,3/20/2020,833-65-2139,48977.39
980,Shaughn,Culver,Yance,Male,12/29/2019,285-92-2586,82888.65
981,Abrahan,Jared,Kennan,Male,2/13/2020,208-29-4898,47172.45
982,Carter,Patin,Gunar,Male,2/25/2020,350-81-0303,56883.38
983,Beatrix,Mickie,Joeann,Female,5/19/2020,367-47-7776,3460.75
984,Jobie,Raphaela,Maddie,Female,6/24/2020,263-01-2251,17949.78
985,Elwood,Bev,Ruddy,Male,1/8/2020,274-38-3930,8713.12
986,Reuben,Baxter,Timothy,Male,4/14/2020,826-55-1170,66495.98
987,Gwendolen,Avie,Albina,Female,8/8/2020,748-35-8870,98301.16
988,Davy,Alix,Curr,Male,8/28/2020,649-48-4376,46063.28
989,Callida,Delores,Jenn,Female,1/16/2020,730-11-5660,47799.85
990,Dionne,Emili,Aurel,Female,3/15/2020,214-05-0874,1660.37
991,Quincey,Gerardo,Whitney,Male,10/20/2020,310-77-0131,97155.73
992,Codie,Elva,Lacey,Female,12/15/2019,416-20-0126,98950.75
993,Christal,Annabella,Elsa,Female,2/4/2020,406-04-2245,13627.88
994,Piotr,Izak,Iver,Male,5/15/2020,545-56-0291,16968.02
995,Dione,Vikki,Corissa,Female,6/27/2020,304-81-2491,69330.23
996,Saw,Urbanus,Stanley,Male,12/16/2019,457-63-2283,96402.95
997,Thia,Cathrine,Bab,Female,11/13/2020,313-97-5432,76111.38
998,Clarissa,Carlynn,Traci,Female,8/10/2020,148-25-4299,89953.70
999,Elwin,Art,Stanislas,Male,6/5/2020,783-84-2364,88400.45
1000,Viola,Janet,Shirlee,Female,2/16/2020,218-57-5117,85036.27
